{"cameraMode":{"drawMode":0,"name":"Shaded","section":"Shading Mode"},"sceneLighting":true,"audioPlay":false,"sceneViewState":{"m_AlwaysRefresh":false,"showFog":true,"showSkybox":true,"showFlares":true,"showImageEffects":true,"showParticleSystems":true,"showVisualEffectGraphs":true,"m_FxEnabled":true},"in2DMode":false,"pivot":{"x":-25.536420822143556,"y":-5.015947341918945,"z":19.992794036865236},"rotation":{"x":-0.07662525027990341,"y":0.3201426565647125,"z":-0.025988390669226648,"w":-0.9439127445220947},"size":21.66701889038086,"orthographic":false}