{"cameraMode":{"drawMode":0,"name":"Shaded","section":"Shading Mode"},"sceneLighting":true,"audioPlay":false,"sceneViewState":{"m_AlwaysRefresh":false,"showFog":true,"showSkybox":true,"showFlares":true,"showImageEffects":true,"showParticleSystems":true,"showVisualEffectGraphs":true,"m_FxEnabled":true},"in2DMode":false,"pivot":{"x":1.2157433032989503,"y":1.1016030311584473,"z":-16.138954162597658},"rotation":{"x":0.00005945043812971562,"y":0.9815683364868164,"z":-0.00030369736487045884,"w":0.19111767411231996},"size":4.786020755767822,"orthographic":false}