{"cameraMode":{"drawMode":0,"name":"Shaded","section":"Shading Mode"},"sceneLighting":true,"audioPlay":false,"sceneViewState":{"m_AlwaysRefresh":false,"showFog":true,"showSkybox":true,"showFlares":true,"showImageEffects":true,"showParticleSystems":true,"showVisualEffectGraphs":true,"m_FxEnabled":true},"in2DMode":false,"pivot":{"x":-0.7189056873321533,"y":0.7126808166503906,"z":-9.734153747558594},"rotation":{"x":0.015081770718097687,"y":0.9754129648208618,"z":-0.07065488398075104,"w":0.20820869505405427},"size":0.6226787567138672,"orthographic":false}